{
    "type": "minecraft:chest",
    "pools": [
      {
        "rolls": 10,
        "entries": [
          {
            "type": "minecraft:item",
            "name": "minecraft:diamond",
            "conditions": [
              {
                "condition": "minecraft:random_chance",
                "chance": 0.5
              }
            ]
          },
          {
            "type": "minecraft:item",
            "name": "minecraft:iron_ingot",
            "conditions": [
              {
                "condition": "minecraft:random_chance",
                "chance": 0.5
              }
            ]
          },
          {
            "type": "minecraft:item",
            "name": "minecraft:gold_ingot",
            "conditions": [
              {
                "condition": "minecraft:random_chance",
                "chance": 0.5
              }
            ]
          }
        ]
      }
    ]
  }
  